---
title: MySQLä½¿ç”¨å‡½æ•°å’Œå­˜å‚¨è¿‡ç¨‹æ‰¹é‡æ’å…¥æ•°æ®
date: 2019-08-30 17:38:24
tags:
    - MySQL
categories:
    - æ•°æ®åº“
    - MySQL
---

**å†™åœ¨å‰é¢**: åœ¨ `MySQL` ä¼˜åŒ–å­¦ä¹ ä¸­ï¼Œæˆ‘ä»¬é€šå¸¸éœ€è¦ä½¿ç”¨åˆ°åä¸‡é‡çº§ç”šè‡³æ˜¯ç™¾ä¸‡é‡çº§çš„æ•°æ®è¡¨æ¥å»å¯¹æ¯”ç´¢å¼•ä¼˜åŒ–å‰åçš„SQLæ€§èƒ½è¡¨ç°ã€‚é‚£ä¹ˆæ€ä¹ˆå»è·å–åˆ°æ‹¥æœ‰è¿™ä¸ªæ•°é‡çº§çš„æ•°æ®è¡¨å‘¢ï¼Ÿç­”æ¡ˆä¹‹ä¸€æ˜¯ä½¿ç”¨å­˜å‚¨è¿‡ç¨‹å¾€è¡¨ä¸­æ‰¹é‡å¯¼å…¥æ•°æ®ã€‚ä¸‹é¢æ¥å®ä¾‹æ¼”ç¤ºä¸€ä¸ªæ‰¹é‡å¯¼å…¥æ•°æ®è¡¨çš„æ¡ˆä¾‹ï¼Œè®°å½•å·²è¢«æ—¥åæŸ¥é˜…ã€‚

<!--more-->

1ï¼šåˆ›å»ºæ•°æ®åº“åŠæ•°æ®è¡¨
```sql
-- åˆ›å»ºæ•°æ®åº“
create database data_demo default character set utf8mb4;

--åˆ›å»ºéƒ¨é—¨è¡¨
create table department(
    id int unsigned primary key auto_increment comment 'ä¸»é”®',
    dept_no int unsigned not  null default 0 comment 'éƒ¨é—¨ç¼–å·',   
    dept_name varchar(20) not null default '' comment 'éƒ¨é—¨åç§°',
    location varchar(13) not null default '' comment 'éƒ¨é—¨ä½ç½®'
)engine = innodb default character set utf8mb4 comment 'éƒ¨é—¨ä¿¡æ¯è¡¨';

-- åˆ›å»ºå‘˜å·¥ä¿¡æ¯è¡¨
create table employee(
    id int unsigned primary key auto_increment comment 'ä¸»é”®',
    employee_no int unsigned not null default 0 comment 'å‘˜å·¥ç¼–å·',    
    employee_name varchar(20) not null default '' comment 'å‘˜å·¥åç§°',
    job varchar(9) not null default '' comment 'å·¥ä½œ',
    manager int not null default 0 comment 'ä¸Šçº§é¢†å¯¼',
    hiredate timestamp not null default CURRENT_TIMESTAMP comment 'å…¥èŒæ—¶é—´',
    salary float(7,2) not null comment 'è–ªæ°´',
    dept_no int unsigned not null default 0 comment 'éƒ¨é—¨ç¼–å·'
)engine = innodb default character set utf8mb4 comment 'å‘˜å·¥ä¿¡æ¯è¡¨';
```

2: åˆ›å»º **éšæœºå­—ç¬¦ç”Ÿæˆ** å‡½æ•°
```SQL
delimiter $$
create function rand_string(n int) returns varchar(255)
begin
    declare chars_str varchar(100) default 'abcdefghijklmnopqrstuvwxyzABCDEFGHIJKLMNOPQRSTUVWXYZ';
    declare return_str varchar(255) default '';
    declare i int default 0;
    while i < n do
        set return_str = concat(return_str, substring(chars_str, floor(1 + rand() * 52), 1));
        set i = i + 1;
    end while;
    return return_str;
end $$
```

3: åˆ›å»º **éšæœºæ•°å€¼ç”Ÿæˆ** å‡½æ•°
```SQL
delimiter $$
create function rand_num() returns int(5)
begin
    declare i int default 0;
    set i = floor(100 + rand() * 10);
    return i;
end $$
```
> åˆ é™¤å‡½æ•°å‘½ä»¤ï¼šdrop function funcName;

4: åˆ›å»º **å‘˜å·¥æ•°æ®æ’å…¥** å­˜å‚¨è¿‡ç¨‹
```SQL
delimiter $$
create procedure insert_employee(in start int(10), in max_num int(10))
begin
    declare i int default 0;
    set autocommit=0;
    repeat
        set i = i + 1;
        insert into employee(employee_no, employee_name, job, manager, hiredate, salary, dept_no) values((start+i), rand_string(6), 'saleman', 0001 ,curdate(), 24000,rand_num());
        until i = max_num
    end repeat;
    commit;
end $$
```

4: åˆ›å»º **éƒ¨é—¨æ•°æ®æ’å…¥** å­˜å‚¨è¿‡ç¨‹
```SQL
delimiter $$
create procedure insert_department(in start int(10), in max_num int(10))
begin
    declare i int default 0;
    set autocommit=0;
    repeat
        set i = i + 1;
        insert into department(dept_no,dept_name,location) values((start+i),rand_string(10),rand_string(8));
        until i = max_num
    end repeat;
    commit;
end $$
```
> åˆ é™¤å­˜å‚¨è¿‡ç¨‹å‘½ä»¤ï¼šdrop procedure procedureName;

5: è°ƒç”¨å­˜å‚¨è¿‡ç¨‹æ’å…¥æ•°æ®
```SQL
delimiter ;
-- éƒ¨é—¨å·ä»100å¼€å§‹æ’å…¥10æ¡è®°å½•
call insert_department(100,10);

call insert_employee(1,5000000);

```

6: æŸ¥çœ‹æ•°æ®

```SQL
-- éƒ¨é—¨è¡¨
mysql> select * from department;
+----+---------+------------+----------+
| id | dept_no | dept_name  | location |
+----+---------+------------+----------+
|  1 |     101 | VPoajUVSCi | kBdJmjhi |
|  2 |     102 | uylHDUPnUM | aOWpIyqk |
|  3 |     103 | cIjWdCCdKo | pHsPXqOY |
|  4 |     104 | yxRPzeVrVE | lqVFqNSZ |
|  5 |     105 | sPYywNAoUD | ihjzUcAx |
|  6 |     106 | KiKaZTxGOa | IrJwdcen |
|  7 |     107 | anqQeYEasK | vZLGZewV |
|  8 |     108 | pMQSSIMKop | JzuznRuy |
|  9 |     109 | lGBKWEgSXh | TYjaAyUZ |
| 10 |     110 | pDTLXGoyDw | yZFbrEWW |
+----+---------+------------+----------+
10 rows in set (0.02 sec)

--å‘˜å·¥è¡¨
mysql> select count(*) from  employee;
+----------+
| count(*) |
+----------+
|  5000000 |
+----------+
1 row in set (7.78 sec)

```

7: æœ‰äº†è¿™äº›æ•°æ®åå°±é˜”ä»¥æ›´å¿«ä¹çš„å­¦ä¹ SQLç›¸å…³çŸ¥è¯†ç‚¹äº†ğŸ˜œğŸ˜œğŸ˜œ
